{
  "centroid_similarity_matrix": [
    [
      -0.30527965229480963,
      0.14668854870125295,
      0.9771186472123993,
      -0.4359408544224938
    ],
    [
      0.295407412220341,
      -0.8398570763492852,
      -0.40524206936629537,
      0.9912316325889292
    ],
    [
      -0.6372998736723476,
      0.9974054320648454,
      0.03839336229095803,
      -0.8434814844629731
    ],
    [
      0.982440887308145,
      -0.6696996844038956,
      -0.09718244665421058,
      0.31970622803191295
    ]
  ],
  "matched_pairs_disc_to_repl": [
    [
      0,
      2
    ],
    [
      1,
      3
    ],
    [
      2,
      1
    ],
    [
      3,
      0
    ]
  ],
  "matched_similarities": [
    0.9771,
    0.9912,
    0.9974,
    0.9824
  ],
  "mean_concordance": 0.987,
  "ARI_projected_vs_independent": 0.9
}